{
  "GET Movie by ID" : {
    "transaction" : "GET Movie by ID",
    "sampleCount" : 1000,
    "errorCount" : 0,
    "errorPct" : 0.0,
    "meanResTime" : 3.190999999999999,
    "medianResTime" : 1.0,
    "minResTime" : 0.0,
    "maxResTime" : 33.0,
    "pct1ResTime" : 10.0,
    "pct2ResTime" : 13.0,
    "pct3ResTime" : 24.980000000000018,
    "throughput" : 25.45889661142086,
    "receivedKBytesPerSec" : 13.69173990077395,
    "sentKBytesPerSec" : 4.823267522085592
  },
  "Total" : {
    "transaction" : "Total",
    "sampleCount" : 3000,
    "errorCount" : 0,
    "errorPct" : 0.0,
    "meanResTime" : 7.311000000000014,
    "medianResTime" : 6.0,
    "minResTime" : 0.0,
    "maxResTime" : 56.0,
    "pct1ResTime" : 15.0,
    "pct2ResTime" : 20.0,
    "pct3ResTime" : 28.0,
    "throughput" : 75.09574707752384,
    "receivedKBytesPerSec" : 7878.425999008111,
    "sentKBytesPerSec" : 17.111661117925355
  },
  "POST Movie" : {
    "transaction" : "POST Movie",
    "sampleCount" : 1000,
    "errorCount" : 0,
    "errorPct" : 0.0,
    "meanResTime" : 6.800999999999999,
    "medianResTime" : 3.0,
    "minResTime" : 1.0,
    "maxResTime" : 56.0,
    "pct1ResTime" : 15.0,
    "pct2ResTime" : 21.0,
    "pct3ResTime" : 32.99000000000001,
    "throughput" : 25.453064548971696,
    "receivedKBytesPerSec" : 12.477967190999797,
    "sentKBytesPerSec" : 8.674921413663206
  },
  "GET Movies" : {
    "transaction" : "GET Movies",
    "sampleCount" : 1000,
    "errorCount" : 0,
    "errorPct" : 0.0,
    "meanResTime" : 11.940999999999987,
    "medianResTime" : 11.0,
    "minResTime" : 6.0,
    "maxResTime" : 54.0,
    "pct1ResTime" : 18.0,
    "pct2ResTime" : 23.0,
    "pct3ResTime" : 28.0,
    "throughput" : 25.427176566314078,
    "receivedKBytesPerSec" : 7976.688568140065,
    "sentKBytesPerSec" : 3.898502657139951
  }
}