{
  "GET Movie by ID" : {
    "transaction" : "GET Movie by ID",
    "sampleCount" : 4000,
    "errorCount" : 0,
    "errorPct" : 0.0,
    "meanResTime" : 4892.108249999996,
    "medianResTime" : 5361.0,
    "minResTime" : 1.0,
    "maxResTime" : 7908.0,
    "pct1ResTime" : 6707.8,
    "pct2ResTime" : 7055.649999999999,
    "pct3ResTime" : 7518.99,
    "throughput" : 12.157020071240138,
    "receivedKBytesPerSec" : 6.538019275715136,
    "sentKBytesPerSec" : 2.3031854431841667
  },
  "Total" : {
    "transaction" : "Total",
    "sampleCount" : 12000,
    "errorCount" : 0,
    "errorPct" : 0.0,
    "meanResTime" : 4931.855083333338,
    "medianResTime" : 5394.0,
    "minResTime" : 1.0,
    "maxResTime" : 8059.0,
    "pct1ResTime" : 6773.0,
    "pct2ResTime" : 7147.0,
    "pct3ResTime" : 7627.9299999999985,
    "throughput" : 36.397165874017276,
    "receivedKBytesPerSec" : 17228.81032711763,
    "sentKBytesPerSec" : 8.293625036397165
  },
  "POST Movie" : {
    "transaction" : "POST Movie",
    "sampleCount" : 4000,
    "errorCount" : 0,
    "errorPct" : 0.0,
    "meanResTime" : 5021.952750000015,
    "medianResTime" : 5472.5,
    "minResTime" : 2.0,
    "maxResTime" : 8059.0,
    "pct1ResTime" : 6854.8,
    "pct2ResTime" : 7275.0,
    "pct3ResTime" : 7751.819999999996,
    "throughput" : 12.156724492152835,
    "receivedKBytesPerSec" : 5.9596442334577375,
    "sentKBytesPerSec" : 4.143258640391933
  },
  "GET Movies" : {
    "transaction" : "GET Movies",
    "sampleCount" : 4000,
    "errorCount" : 0,
    "errorPct" : 0.0,
    "meanResTime" : 4881.50424999999,
    "medianResTime" : 5374.0,
    "minResTime" : 29.0,
    "maxResTime" : 7898.0,
    "pct1ResTime" : 6743.8,
    "pct2ResTime" : 7111.549999999998,
    "pct3ResTime" : 7526.939999999999,
    "throughput" : 12.155320687748045,
    "receivedKBytesPerSec" : 17248.87934234587,
    "sentKBytesPerSec" : 1.863657566383245
  }
}