{
  "GET Movie by ID" : {
    "transaction" : "GET Movie by ID",
    "sampleCount" : 2000,
    "errorCount" : 0,
    "errorPct" : 0.0,
    "meanResTime" : 363.8954999999998,
    "medianResTime" : 358.5,
    "minResTime" : 0.0,
    "maxResTime" : 1068.0,
    "pct1ResTime" : 734.8000000000002,
    "pct2ResTime" : 794.9499999999998,
    "pct3ResTime" : 953.9100000000001,
    "throughput" : 38.84928420193858,
    "receivedKBytesPerSec" : 20.89306157854354,
    "sentKBytesPerSec" : 7.360118296070395
  },
  "Total" : {
    "transaction" : "Total",
    "sampleCount" : 6000,
    "errorCount" : 0,
    "errorPct" : 0.0,
    "meanResTime" : 401.7574999999988,
    "medianResTime" : 395.0,
    "minResTime" : 0.0,
    "maxResTime" : 1161.0,
    "pct1ResTime" : 786.0,
    "pct2ResTime" : 859.9499999999998,
    "pct3ResTime" : 1012.0,
    "throughput" : 115.02185415228894,
    "receivedKBytesPerSec" : 26460.10864622872,
    "sentKBytesPerSec" : 26.209406870638755
  },
  "POST Movie" : {
    "transaction" : "POST Movie",
    "sampleCount" : 2000,
    "errorCount" : 0,
    "errorPct" : 0.0,
    "meanResTime" : 461.8185000000003,
    "medianResTime" : 473.5,
    "minResTime" : 1.0,
    "maxResTime" : 1161.0,
    "pct1ResTime" : 857.8000000000002,
    "pct2ResTime" : 917.0,
    "pct3ResTime" : 1084.93,
    "throughput" : 38.85456735439251,
    "receivedKBytesPerSec" : 19.047844542876017,
    "sentKBytesPerSec" : 13.242425787776353
  },
  "GET Movies" : {
    "transaction" : "GET Movies",
    "sampleCount" : 2000,
    "errorCount" : 0,
    "errorPct" : 0.0,
    "meanResTime" : 379.5584999999992,
    "medianResTime" : 369.0,
    "minResTime" : 13.0,
    "maxResTime" : 1084.0,
    "pct1ResTime" : 750.0,
    "pct2ResTime" : 819.0,
    "pct3ResTime" : 948.98,
    "throughput" : 38.80330604167475,
    "receivedKBytesPerSec" : 26739.533641860035,
    "sentKBytesPerSec" : 5.949335008342711
  }
}