{
  "GET Movie by ID" : {
    "transaction" : "GET Movie by ID",
    "sampleCount" : 2000,
    "errorCount" : 1962,
    "errorPct" : 98.1,
    "meanResTime" : 4794.645999999998,
    "medianResTime" : 4459.0,
    "minResTime" : 4.0,
    "maxResTime" : 9345.0,
    "pct1ResTime" : 8162.200000000001,
    "pct2ResTime" : 8676.95,
    "pct3ResTime" : 9052.97,
    "throughput" : 5.451418322762125,
    "receivedKBytesPerSec" : 2.931761061949918,
    "sentKBytesPerSec" : 1.0327882369295431
  },
  "Total" : {
    "transaction" : "Total",
    "sampleCount" : 6000,
    "errorCount" : 5816,
    "errorPct" : 96.933334,
    "meanResTime" : 4657.596833333342,
    "medianResTime" : 4226.0,
    "minResTime" : 3.0,
    "maxResTime" : 9930.0,
    "pct1ResTime" : 8213.0,
    "pct2ResTime" : 8752.9,
    "pct3ResTime" : 9225.98,
    "throughput" : 16.319825051475448,
    "receivedKBytesPerSec" : 12040.161639154729,
    "sentKBytesPerSec" : 3.718710135427348
  },
  "POST Movie" : {
    "transaction" : "POST Movie",
    "sampleCount" : 2000,
    "errorCount" : 1877,
    "errorPct" : 93.85,
    "meanResTime" : 4245.963499999996,
    "medianResTime" : 3740.5,
    "minResTime" : 3.0,
    "maxResTime" : 9930.0,
    "pct1ResTime" : 8173.0,
    "pct2ResTime" : 8966.95,
    "pct3ResTime" : 9518.69,
    "throughput" : 5.462257168529752,
    "receivedKBytesPerSec" : 2.6777862291034524,
    "sentKBytesPerSec" : 1.8616481951336752
  },
  "GET Movies" : {
    "transaction" : "GET Movies",
    "sampleCount" : 2000,
    "errorCount" : 1977,
    "errorPct" : 98.85,
    "meanResTime" : 4932.181000000009,
    "medianResTime" : 4586.0,
    "minResTime" : 150.0,
    "maxResTime" : 9340.0,
    "pct1ResTime" : 8295.400000000001,
    "pct2ResTime" : 8735.0,
    "pct3ResTime" : 9149.97,
    "throughput" : 13.187305899341293,
    "receivedKBytesPerSec" : 29173.758595444775,
    "sentKBytesPerSec" : 2.0218818615201006
  }
}